"Zap"	"Gloss"	"Trans"	"Lang"
"1"	"lohoh"	""	"‘face’"	""
"2"	"Zyuu:a’ll-ru’ Jwaany loh Beed."	"tall-ER3 Juan face Pedro"	"‘Juan is taller than Pedro’"	""
"3"	"B-guhty bzihihny behlld."	"perf-kill mouse fish"	"‘The mouse killed the fish’"	""
"4"	"Q. Tu b-ta:a’az Gyeeihlly"	"? who perf-hit Mike"	"‘Who hit Mike?’"	""
"5"	"Zye:einy cansyoony b-i:i’lly ra zhyara’p."	"MUCH.sol/abs6 song perf-sing7 pi8 girl"	"‘The girls sang many songs’"	""
"6"	"Na:a’y z-e:e Beed."	"yesterday def-go Pedro"	"‘Pedro left yesterday’"	""
"7"	"Zyuu:a’ll Lieeb."	"tall Felipe"	"‘Felipe is tall’"	""
"8"	", since this word is used before liquid and gas"	"mass nouns, always translating into 7 This verb also means"	"‘read’"	""
"9"	"R-yu’la:a:a’z-a’ r-a’uw-a’ bx:aa:ady."	"hab-like-lsg hab-eat-lsg chapulin"	"‘I like to eat chapulines’"	""
"10"	"R-ca:a’z-a’ g-a’uw-a’ bx:aa:ady."	"hab-want-lsg irr-eat-lsg chapulin"	"‘I want to eat chapulines’"	""
"11"	"Dehsdeh b-zehnny-a’ b-yu’la:a:a’z-a’ ru’c."	"since perf-anive-lsg peif-like-lsg here"	"‘Since (the) time I arrived I liked it here’"	""
"14"	"Sehnny Gyeeihlly yzhih e:ee?"	"def.arrive Mike tomorrow y/n?"	"‘Will Mike arrive tomorrow ?’"	""
"15"	"Cei’ty ca:a’-dya’ Cri’sy liebr x:te:e’n-ni’."	"not neut.have-neg Cris book poss-3sg.anaposs12"	"‘Chrisj doesn’"	""
"16"	"\" In fact, Lee (1997) takes nih to be a complementizer, basing this claim on causatives"	"such (i) X:-la’mm-eng b-e:e:i’ny nih b-gwah-ng loh gyihzhya’ah. poss-boss-3s perf-make th a t peif-cut-3s on grass"	"‘His boss caused him to cut the grass’"	""
"17"	"R-a’ahcw Gyeeihlly x:-cotoony-ni’."	"hab-put.on Mike poss-shirt-3sg.anaposs"	"‘Mike puts on his shirt’"	""
"18"	"B-da’ahcw Gyeeihlly x:-cotoony-ni\"	"perf-put.on Mike poss-shirt-3sg.anaposs"	"‘Mike put on his shirt’"	""
"19"	"G-a’acw Gyeeihlly x:-cotoony-ni’."	"irr-put.on Mike poss-shirt-3sg.anaposs"	"‘Mike will put on his shirt’"	""
"20"	"Z-a’ahcw Gyeeihlly x:-cotoony-ni’."	"def-put.on Mike poss-shirt-3sg.anaposs"	"‘Mike will surely put on his shirt’"	""
"21"	"Cay-a’ahcw Gyeeihlly x:-cotoony-ni’."	"prog-put.on Mike poss-shirt-3sg.anaposs"	"‘Mike is putting on his shirt’"	""
"22"	"Cei’ty ny-a’ahcw-dya’ Gyeeihlly x:-cotoony-ni’."	"not subj-put.on-neg Mike poss-shirt-3sg.anaposs"	"‘Mike didn’"	""
"23"	"N-a’ahcw Gyeeihlly x:-cotoony-ni\"	"neut-puton Mike poss-shirt-3sg.anaposs"	"‘Mike is wearing his shirt’"	""
"25"	"B-zu’aht-ne:e Jwaany na:a’."	"perf-play-with Juan lsg"	"‘Juan played with me’"	""
"26"	"R-yu’la:a:a’z-daa:a’n Jwaany na:a’."	"hab-like-very Juan lsg"	"‘Juan likes me very much’"	""
"28"	"Laranng b-da’uhw-eng comiied."	"3sg perf-eat-3sg food"	"‘HE ate the food’"	""
"29"	"R-yu’laa:a’z-eng na:a’."	"hab-like-3sg lsg"	"‘He likes me’"	""
"30"	"R-yu’la:a:a’z Jwaany na:a’."	"hab-like Juan lsg"	"‘Juan likes me’"	""
"31"	"R-umbe:e’-nn-ih."	"hab-know-lpl-3sg.dist"	"‘We know him’"	""
"32"	"20 Note that a construction parallel to the examples in (31) and"	"(32), i.e., sentences with third (i) R-umbe:e’ Jwaany laianng. hab-know Juan 3sg"	"‘Juan knows him.’"	""
"33"	"De’ts-a’ zuu mee’s."	"back-lsg neutstand table"	"‘The table is behind me’"	""
"34"	"Z-ya:all-a’ cehnn la:anng."	"def-come-lsg with 3sg"	"‘I came with him’"	""
"36"	"B-cwa:a:-a’ Jwaany pelo’t loh Beed."	"perf-throw-lsg Juan ball face Pedro"	"‘Juan threw the ball to Pedro’"	""
"37"	">"	""	"‘under’"	""
"38"	"R-umbi:-a’ ra studya’aann."	"hab-know-lsg pi student"	"‘I know the students’"	""
"39"	"liebr"	""	"‘book’"	""
"40"	"x:-liebr Lieeb"	"poss-book Felipe"	"‘Felipe’"	""
"41"	"yu’uh"	""	"‘house’"	""
"42"	"liihahz Lieeb"	"house Felipe"	"‘Felipe’"	""
"43"	"ra’ Lieeb"	"mouth Felipe"	"‘Felipe’"	""
"44"	"x:-azhi’ Lieeb"	"poss-nape Felipe"	"‘The back of Felipe’"	""
"45"	"bu’uhuhdy"	""	"‘chicken’"	""
"46"	"x:-pu’uhuhdy Lieeb"	"poss-chicken Felipe"	"‘Felipe’"	""
"47"	"be:e’cw"	""	"‘dog’"	""
"48"	"x:-ye:e’cw Lieeb"	"poss-dog Felipe"	"‘Felipe’"	""
"49"	"x:-pu’uliuhdy-a’"	"poss-chicken-lsg"	"‘my chicken’"	""
"50"	"R-dyaa:a’n-a’."	"hab-hungry-lsg"	"‘I get hungry’"	""
"51"	"Cal-dyaaia’n-a’.24"	"prog-hungry-lsg"	"‘I am hungry’"	""
"52"	"Il-dyaa:a’n-a’."	"irr-hungry-lsg"	"‘I will be hungry’"	""
"53"	"B-dyaa:a’n-a’."	"perf-htmgry-lsg"	"‘I was hungry’"	""
"54"	"Cei’ty n-dyaa:a’n-dy-a’ not"	"subj -hungry-neg- lsg"	"‘I didn’"	""
"55"	"S-dyaa:a’n-a’."	"def-hungry-lsg"	"‘I will surely get hungry’"	""
"56"	"Xniaa liebr."	"red book"	"‘The book is red’"	""
"57"	"Xniaa n-aa liebr."	"red neut-be book"	"‘The book is red’"	""
"58"	"Xniaa g-uhc liebr."	"red peif-be book"	"‘The book was red’"	""
"59"	"Xniaa g-a’c liebr."	"red irr-be book"	"‘The book will be red’"	""
"60"	"Ua’s nsehe’s cabai."	"very fast horse"	"‘The horse is fast’"	""
"61"	"Ua’s nsehe’s g-uhc cabai."	"very fast perf-be horse"	"‘The horse was fast’"	""
"62"	"Ua’s nsehe’s g-a’c cabai."	"very fast irr-be horse"	"‘The horse will be fast’"	""
"63"	"Asua’ll n-a:a liebr."	"blue neut-be book"	"‘The book is blue’"	""
"64"	"Liebr n-a:a asu’all."	"book neut-be blue"	"‘The BOOK is blue’"	""
"65"	"Nahll cafee."	"cold coffee"	"‘The coffee is cold’"	""
"66"	"cafee nahll"	"cofee cold"	"‘cold coffee’"	""
"67"	"Nde:e n-a:a x-:cotoony Gyeeihlly."	"tight neut-be poss-shirt Mike"	"‘Mike’"	""
"68"	"Nde:e x:-cotoony Gyeeihlly."	"tight poss-shirt Mike"	"‘Mike’"	""
"69"	"B-le:egwu:u’an Gyeeihlly cotoony de:e x:te:e’ Gyeeihlly."	"perf-throw.away Mike shirt tight poss Mike"	"‘Mike threw away his tight shirt’"	""
"71"	"ro’pta’ (ra) liebr xniaa re:e’ x:te:e’ Gyeeihlly"	"the.two pi book red this poss Mike"	"‘these two red books of Mike’"	""
"73"	"Juan escribe cartas mds frecuente-mente que Maria."	"Juan write.3sg letters ER frequent-ly that Maria"	"‘Juan writes letters more often than Maria.’"	""
"74"	"Juan escribe mds cartas que Maria"	"Juan write.3sg ER.MUCH.f.plu letters that Maria"	"‘Juan writes more letters than Marfa. ’"	""
"75"	"Juan escribe mds que Maria."	"Juan write.3sg ER.MUCH that Maria"	"‘Juan writes more than Maria.’"	""
"76"	"or"	""	"‘ERMUCH.f.pl’"	""
"77"	"There is neither a comparee NP, nor a standard NP, but there is both a first 14In many cases, the second term is"	"only a subpart of the material following the CONJUNQON 15 In Spanish, both ser and estar are most often translated into English as"	"‘be’"	""
"78"	"Pilar es m&s alt-a que fuerte."	"Pilar be.3sg ER tall-f that strong18"	"‘Pilar is more tall than strong. ’"	""
"82"	"El espanol es mas fdcil que 1-a geometrfa."	"the.m Spanish be.3sg ER easy that the-f geometry"	"‘Spanish is easier than geometry’"	""
"85"	"Este59 profesorexplica 1-a gramdtica m as this.m professor.m explain.3sg the-f"	"grammar ER detallada-mente que el otr-o. detailed-LY that the.m other-m"	"‘This professor explains the grammar in more detail than the other one’"	""
"90"	"Ernesto estudia m as que Luis."	"Ernesto study.3sg ER.M UCH that Luis"	"‘Ernesto studies more than Luis ’"	""
"92"	"Connte’enn-ru’ n-u’ Jwaany cah Wsee. content-ER"	"neut-be68 Juan than®9Jose [with copula nu’]"	"‘Juan is more content than Josd’"	""
"93"	"85As shown below,"	"comparisons such as"	"‘more than five’"	""
"95"	"Maaz-ru’ nsinni’cy n-a:a Jwaany cah Wsee."	"MAAZ-ER intelligent neut-be Juan than Josd"	"‘Juan is more intelligent than Josd’"	""
"97"	"Maaz-ru’ nsinni’cy Jwaany cah Wsee."	"MAAZ-ER intelligent Juan than Josd"	"‘Juan is more intelligent than Josd’"	""
"98"	"Maaz-ru’ nsehe’s r-zh:u:u’nny Rrodriiegw cah Liieb."	"MAAZ-ER fast hab-run Rodrigo than Felipe"	"‘Rodrigo runs faster than Felipe’"	""
"99"	"W-ta’ihsy-ru’ Rrodriiegw cah Liieb."	"perf-sleep-ER Rodrigo than Felipe"	"‘Rodrigo slept more than Felipe’"	""
"100"	"Maaz-ru’ w-ta’ihsy Rrodriiegw cah Liieb."	"MAAZ-ER perf-sleep Rodrigo than Felipe"	"‘Rodrigo slept more than Felipe’"	""
"101"	"Mnii’iny-ru’ Jwaany cah Wsee."	"child-ER Juan than Josd"	"‘Juan is more of a child than Josd’"	""
"102"	"Maaz-ru ’ mnii ’iny Jwaany cah"	"Wsee. MAAZ-ER child Juan than Josd"	"‘Juan is more of a child than Josd’"	""
"103"	"Zye:einy-ru’ liebr b-zi:i:i’ Rrodriiegw cah Liieb."	"MUCH.sol/abs-ER book perf-buy Rodrigo than Felipe"	"‘Rodrigo bought more books than Felipe’"	""
"104"	"Zi:i’lly-ru’ biien gwe:e’eh"	"Rrodriiegw cah Liieb."	"‘Rodrigo drank more wine than Felipe’"	""
"105"	"Maaz-ru’ zye:einy liebr b-zi:i:i’ Rrodriiegw cah Liieb."	"MAAZ-ER MUCH.sol/abs book perf-buy Rodrigo than Felipe"	"‘Rodrigo bought more books than Felipe’"	""
"106"	"Maaz-ru’ zi:i’lly biien gwe:e’eh Rrodriiegw cah Liieb."	"MAAZ-ER MUCH.liq/gas wine perf.drink Rodrigo than Felipe"	"‘Rodrigo drank more wine than Felipe’"	""
"107"	"L-a-s nifias cantaron mds canciones que 1-o-s ninos."	"the-f-pl girls sing.pret.3pl ER.MUCH.f.pl songs that the-m-pl boys"	"‘The girls sang more songs than the boys’"	""
"110"	"Maaz-da’ tse:ea’ cansyoony b-i:i’lly ra zhya:a’p."	"MAAZ74-than7S ten song perf-sang pi girl"	"‘The girls sang more than ten songs’"	""
"111"	"Zye:einy-ru’ cansyoony b-i:i’lly ra zhya:a’p"	"MUCH.sol/abs-ER song perf-sing pi girl"	"‘The girls sang more songs’"	""
"112"	"L-a-s ninas cantaron algun-a-s canciones, y luego, the-f-pl girls sing.pret.3pl"	"some-f-pl songs and then cantaron mds canciones. sing.pret.3pl ER.MUCH.f.pl songs"	"‘The girls sang some songs, and then they sang more songs’"	""
"114"	"Zyereiny cansyoony b-i:lly ra mnii’iny ngiu:u’w pehr MUCH.sol/abs song perf-sing pi child"	"male but zye:einy-ru’ cansyoony b-i:lly ra zhyara’p. MUCH.sol/abs-ER song perf-sing pi girl"	"‘The boys sang many songs, but the girls sang more songs’"	""
"115"	"L-a-s ninas cantaron diez canciones."	"the-f-pl girls sing.pret.3pl ten songs"	"‘The girls sang ten songs’"	""
"116"	"Tse:ea’ cansyoony b-i:i’lly ra zhya:a’p."	"ten songs perf-sing pi girl"	"‘The girls sang ten songs’"	""
"117"	"L-a-s ninas cantaron much-[]-a-s canciones."	"the-f-pl girls sing.pret.3pl very-MUCH-f-pl songs"	"‘The girls sang many songs’"	""
"118"	"Zye:einy cansyoony b-i:i’lly ra zhya:a’p"	"MUCH.sol/abs song perf-sing pi girl"	"‘The girls sang many songs’"	""
"120"	"Rodrigo ley6 mds libros que Felipe."	"Rodrigo read.pret.3sg ER.MUCH.rn.pl books than Felipe"	"‘Rodrigo read more books than Felipe. 88 I define this type of comparison as COMPARATIVE ELLIPSIS. The notion of I deviate from this definition in order to distinguish other constructions In Price’"	""
"121"	"Rodrigo comprd mds naranjas que manzanas."	"Rodrigo buy.pret.3sg ER.MUCH.f.pl oranges that apples"	"‘Rodrigo bought more oranges than apples’"	""
"124"	"Felipe lav6 mds coches Felipe wash.pret.3sg ER.MUCH.rn.pl cars"	"que camionetas lavdj Rodrigo, that pick.up.trucks wash.pret.3sg Rodrigo"	"‘Felipe washed more cars than Rodrigo washed pick-up trucks’"	""
"126"	"Felipe lav6 mds coches de lo que Felipe wash.pret.3sg ER.MUCH.rn.pl cars"	"of the.n95 that Rodrigo lav6 de camionetas. Rodrigo wash.pret.3sg of pick.up.trucks."	"‘Felipe washed more cars than Rodrigo washed pick-up trucks’"	""
"127"	"Zye:einy-ru’ ca’rr b-di:i’by Liieb. Du:u’zh-ru’ camione’t MUCH.sol/abs-ER car"	"perf-wash Felipe NEG.MUCH-ER pick.up.truck b-di:i’by Rrodriiegw. perf-wash Rodrigo"	"‘Felipe washed more cars. Rodrigo washed fewer pick-up trucks’"	""
"128"	"Zye:einy-ru’ ca’rr b-di:i’by Liieb cah ze’cy nih MUCH.sol/abs-ER car perf-wash Felipe"	"than thus rel b-di:i’by Rrodriiegw camione’t. perf-wash Rodrigo pick. up. truck"	"‘Felipe washed more cars than Rodrigo washed pick-up trucks’"	""
"129"	"Zye:einy-ru’ ca’rr b-di:i’by Liieb cah ze’cy-dya’ camione’t MUCH.sol/abs-ER car perf-wash"	"Felipe than thus-MUCH pick.up.truck nih b-di:i’by Rrodriiegw rel perf-wash Rodrigo"	"‘Felipe washed more cars than Rodrigo washed trucks’"	""
"130"	"Felipe Iavo m3s coches de lo que Rodrigo Felipe wash.pret.3sg ER.MUCH.rn.pl cars of them that Rodrigo"	"le pidid (que lavara [ ] de coches) 3sg.dat ask.pret.3sg that wash.imp.subj.3sg98 [ ] of cars"	"‘Felipe washed more cars than Rodrigo asked him to (wash X-many cars) ’"	""
"131"	"Zye:einy-ru’ ca’rr b-di:i’by Liieb cah nih r-zilla:a:a’z-u’ MUCH.sol/abs-ER car perf-wash Felipe than"	"rel hab-think-2sg (b-di:i’by-eng [ ]r a ca’rr).99 perf-wash-3sg. [ ] pi car"	"‘Felipe washed more cars than you think (that he washed X-many cars)’"	""
"132"	"and"	""	"‘subj’"	""
"133"	"Felipe ate chapulines."	"and Rodrigo, tortillas."	"‘Felipe ate chapulines, and Rodrigo (ate) tortillas’"	""
"135"	"Felipe lav6 mds coches que Rodrigo camionetas."	"Felipe wash.pret.3sg ER.MUCH.rn.pl cars that Rodrigo pick.up.trucks"	"‘Felipe washed more cars than Rodrigo pick-up trucks’"	""
"136"	"?Felipe washed more cars"	"than Rodrigo, pick-up trucks."	"‘Felipe washed more cars than Rodrigo (washed) pick-up trucks’"	""
"137"	"Felipe pas6 m£s tiempo en San Lucas que Felipe pass.pret.3sg ER.MUCH.m"	"time in San Lucas that Rodrigo en Oaxaca. Rodrigo in Oaxaca."	"‘Felipe spent more time in San Lucas than Rodrigo (spent) in Oaxaca’"	""
"138"	"Julia canta mejor que yo."	"Julia sing.pres.3sg well.ER that lsg.nom"	"‘Julia sings better than me’"	""
"139"	"[one contrast oranges vs. apples] [CE, partial comparison] 1,4 The first such case is a partial comparison in which the extent or"	"frequency of one type of (i) Patricia camind m£s que durmio durante su-s vacaciones. Patricia walk.pret.3sg ER.MUCH that sleep.pret.3sg during 3-pl vacation"	"‘Patricia walked more [i.e., for a longer time or more often] than she slept during her vacation’"	""
"140"	"Alfredo pas<5 mris tiempo en Bdlgica Alfredo pass.pret.3sg ER.MUCH.m time in"	"Belgium que yo en el Caribe. that lsg.nom in the.m Carribean"	"‘Alfredo spent more time in Belgium than I did in the Carribean’"	""
"141"	"Alfredo compr6 mds manzanas Alfredo buy.pret.3sg ER.MUCH.f.pl"	"apples que Ignaeia naranias.117 that Ignacia oranges"	"‘Alfredo bought more apples than Ignacia, oranges’"	""
"146"	"Elena corre mds que gmyga Juan."	"Elena run.3sg ER.MUCH that walk.3sg Juan"	"‘Elena runs more than Juan walks’"	""
"147"	"Elena corre mds que corre Susana."	"Elena run.3sg ER.MUCH that run.3sg Susana"	"‘Elena runs more than Susan’"	""
"148"	"Ignacia pintri mds de sesenta cuadros."	"Ignacia paint.pret.3sg ER.MUCH.rn.pl11’ of sixty pictures"	"‘Ignacia painted more than sixty pictures’"	""
"149"	"(190’) ?Estudiamos mds de lo que era necesario study.pret.lpi ER.MUCH"	"of the.n that be.imp.3sg necessary.n que estudidramos. that study.imp.subj. lpl"	"‘We studied more than it was necessary for us to study’"	""
"150"	"Compramos mds sillas de l-[]-a-s necesari-a-s."	"buy.pret.lpl ER.MUCH.f.pl chairs of the-MUCH-f-pl necessary-f-pl"	"‘We bought more chairs than necessary’"	""
"151"	"L-o-s estudiantes sacaron mds puntos the-m-pl students take.ouLpret.3pl"	"ER.MUCH.rn.pl points de lo esperado. of the.n expected.n"	"‘The students got more points than expected’"	""
"154"	"Nadd mds kil6metros de cuanto pude."	"swim.pret.lsg ER.MUCH.rn.pl kilometers of how.MUCH be.able.pret.lsg"	"‘I swam impossibly many kilometers’"	""
"156"	"Tengo mds canicas de I~[ ]-a-s que have.lsg ER.MUCH.f.pl"	"marbles of the-MUCH-f-pl that quisiera. want. imp. subj. 1sg"	"‘I have more marbles than I would like’"	""
"157"	"Nad6 mds kildmetros de lo que pude."	"swim.pret.lsg ER.MUCH.rn.pl kilometers of the.n that be.able.pret.lsg"	"‘I swam impossibly many kilometers’"	""
"158"	"Comprd mds de lo que querias."	"buy.pret.lsg ER.MUCH of the.n that want.imp.2sg"	"‘I bought more than the amount of things that you wanted me to buy’"	""
"159"	"‘I bought more than that which"	"that you wanted me to buy’"	NA	""
"161"	"Maaz-da’ te’ihby gueht b-da’uhw-a’."	"MAAZ128-than one tortilla perf-eat-lsg"	"‘I ate more than one tortilla’"	""
"162"	"Maaz-da’ te’ihby ngiu:u’w w-nna:-a’."	"MAAZ-than one man perf-see-lsg"	"‘I saw more than one man’"	""
"163"	"Maaz-ru’ r-zh:u:u’nny Liieb cah (noo) Rrodriiegw."	"MAAZ-ER hab-run Felipe than (NOO) Rodrigo"	"‘Felipe runs more than Rodrigo’"	""
"164"	"Maaz-da’ cah sufisye’eemid comiied b-da’uhw-a’."	"MAAZ-than than enough food perf-eat-lsg"	"‘I ate more than enough food’"	""
"166"	"Zye:einy-ru’ me’s b-zehnny"	"cah (noo) studya’aannd."	"‘More teachers arrived than students’"	""
"167"	"This construction is dispreferred in a comparison which could otherwise be (i.e., when the lower clause corresponding to the matrix clause is the covert com­ This formulation is allowed in"	"both comparisons of degree and quantity and 131 There is also an additional possibility for word order available for this type of structure than (i) Zye:einy-ru’ me’s cah studya’aannd b-zehnny."	"‘More teachers than students arrived’"	""
"168"	"Maaz-ru’ nsehe’s r-uhnyBeed ze:e:i’ny cah (noo) nih MAAZ-ER fast hab-do"	"Pedro work than (NOO) rel r-ralloh Lia Paamm. hab-think miss134Pam"	"‘Pedro works faster than Pam thinks (he does)’"	""
"169"	"Zye:einy-ru’ liebr b-zi:i:i’ Beed cah (noo) nih MUCH.sol/abs-ER book perf-buy"	"Pedro than (NOO) rel b-to:o’ Lia Paamm. perf-sell miss Pam"	"‘Pedro bought more books than Pam sold’"	""
"171"	"Zye:einy-ru’ lai’py r-zi:i:i’ Liieb cah (noo) ze’cy-dya’ MUCH.sol/abs-ER pencil hab-buy"	"Felipe than (NOO) thus-MUCH nih r-uhnnychi:i:a’ Rrodriiegw. rel hab-makes Rodrigo"	"‘Felipe buys more pencils than Rodrigo makes’"	""
"172"	"Zye:einy-ru’ bx:aa:ady b-da’uhw-u’ cah (noo) ze’cy-dya’ mannsaan MUCH.sol/abs-ER chapulin"	"perf-eat-2sg than (NOO) thus-MUCH apple nih b-da’uhw-a’. rel perf-eat-lsg"	"‘You ate more chapulines than I ate apples’"	""
"173"	"Zye:einy-ru’ bx:aa:ady b-da’uhw-u’ cah (noo) ze’cy-dya’ ra MUCH.sol/abs-ER chapulin perf-eat-2sg"	"than (NOO) thus-MUCH pi mannsaan nih b-da’uhw-a’. apple rel perf-eat-lsg"	"‘You ate more chapulines than I ate apples’"	""
"174"	"Zye:einy-ru’ bx:aa:ady b-da’uhw-u’ cah (noo) mannsaan nih MUCH.sol/abs-ER"	"chapulin perf-eat-2sg than (NOO) apple rel b-da’uhw-a’. perf-eat-lsg"	"‘You ate more chapulines than I ate apples’"	""
"175"	"Zye:einy-ru’ bx:aa:ady b-da’uhw-u’ cah (noo) ra mannsaan nih MUCH.sol/abs-ER"	"chapulin perf-eat-2sg than (NOO) pi apple rel b-da’uhw-a’. perf-eat-lsg"	"‘You ate more chapulines than I ate apples’"	""
"176"	"Zyuu:a’ll-ru’ Lia Oliieb loh Rrodriiegw."	"tall-ER miss Olivia face Rodrigo"	"‘Olivia is taller than Rodrigo’"	""
"177"	"The following table summarizes the inventory and distribution of compara­"	"138 Recall once again that SAM is an abbreviation meaning"	"‘subject agreement market: 139 Note: after loh, neither [ze’"	""
"179"	"Sandra es mds alta que nosotras."	"Sandra be.3sg ER tall-f that lpl.f.nom"	"‘Sandra is taller than us(f.)’"	""
"180"	"Heriberto durmid mds que Gisela."	"Heriberto sleep.pret.3sg ER.MUCH142 that Gisela"	"‘Heriberto slept more than Gisela’"	""
"181"	"Esta cancidn es mejor que la anterior."	"this.f song be.3sg good.ER that the-f previous"	"‘This song is better than the previous one’"	""
"182"	"Zye:einv-ru’ liebr b-zi:i:i’ Rrodriiegw cah Liieb."	"MUCH.sol/abs-ER book perf-buy Rodrigo than Felipe"	"‘Rodrigo bought more books than Felipe’"	""
"183"	"Zi:i’lly-ru’ biien gwe:e’eh Rrodriiegw cah Liieb."	"MUCH.liq/gas-ER wine perf.drink Rodrigo than Felipe"	"‘Rodrigo drank more wine than Felipe’"	""
"184"	"W-ta’ihsv-ru’ Rrodriiegw cah Liieb."	"perf-sleep-ER Rodrigo than Felipe"	"‘Rodrigo slept more than Felipe’"	""
"186"	"Nsinni ’cy-ru’ Jwaany cah Wsee. intelligent-ER"	"Juan than Jose [without a copula]"	"‘Juan is more intelligent than Jos6’"	""
"187"	"<Rrodriiegw b-zi:i:i’ zye:einy-ru’ liebr cah Liieb.>"	"Rodrigo perf-buy MUCH.sol/abs-ER book than Felipe"	"‘Rodrigo bought more books than Felipe’"	""
"188"	"<Rrodriiegw gwe:e’eh zi:i’lly-ru’ biien cah Liieb.>"	"Rodrigo perf.drink MUCH.liq/gas-ER wine than Felipe"	"‘Rodrigo drank more wine than Felipe’"	""
"191"	"<Jwaany nsinni’cv-ru’ cah Wsee.>"	"Juan intelhgent-ER than Jose"	"‘Juan is more intelligent than Josd’"	""
"192"	"Juan comid m&s galletas que tortillas."	"Juan eat.pret.3sg ER.MUCH.f.pl cookies than tortillas"	"‘Juan ate more cookies than tortillas’"	""
"193"	"M£s profesores vinieron a la fiesta ER.MUCH.rn.pl"	"professors that students come.pret.3pl to the party"	"‘More professors than students came to the party’"	""
"194"	"M;Ss profesores vinieron a la fiesta que estudiantes."	"ER.MUCH.rn.pl professors come.pret.3pl to the party that students"	"‘More professors came to the party than students’"	""
"195"	"Mds profesores oue estudiantes me saludaron."	"ER.MUCH.rn.pl professors that students lsg.acc greet.pret.3pl"	"‘More professors than students greeted me’"	""
"197"	"Zye:einy-ru’ mes cah studva’aannd b-embi:-a’."	"MUCH.sol/abs-ER teachers than student perf-meet-lsg"	"‘I met more teachers than students’"	""
"198"	"Zye:einy-ru’ mes b-embi:-a’ cah studva’aannd."	"MUCH.sol/abs-ER teachers perf-meet-lsg than student"	"‘I met more teachers than students’"	""
"199"	"Zye:einv-ru’ me’s cah studva’aannd b-i:e’d lihaz-a’."	"MUCH.sol/abs-ER teachers than student perf-come house-lsg"	"‘More teachers than students came to my house’"	""
"200"	"Zye:einv-ru’ me’s b-i:e’d lihaz-a’ cah studva’aannd."	"MUCH.sol/abs-ER teachers perf-come house-lsg than student"	"‘More teachers came to my house than students’"	""
"202"	"Juan comi6 mucha pizza."	"Juan eat.pret.3sg veiy.MUCH.f pizza"	"‘Juan ate a lot of pizza’"	""
"203"	"Juan comi6 mds pizza que yo."	"Juan eatpret.3sg ER.MUCH.f pizza than lsg.nom"	"‘Juan ate more pizza than me’"	""
"204"	"In non-comparative sentences, a predicative element such as a verb, an ad­ 148 This set of"	"morphemes is covert 1501 show in Chapter 4 that mucho audits related forms contain a morpheme"	"‘very’"	""
"205"	"B-zi:i:i’ Liieb ra liebr. [indefinite nominal"	"not fronted) perf-buy Felipe pi book"	"‘Felipe bought books’"	""
"206"	"X:o:on liebr b-zi:i:i’ Liieb. eight book"	"perf-buy Felipe [quantified noun phrase fronted]"	"‘Felipe bought 8 books’"	""
"208"	"Zye:einy liebr b-zi:i:i’ Liieb."	"MUCH.sol/abs book perf-buy Felipe"	"‘Felipe bought 8 books’"	""
"209"	"Ra LIEBR b-zi:i:i’ Liieb."	"pi book.foc perf-buy Felipe"	"‘Felipe bought BOOKS’"	""
"213"	"N se h e ’s-ru’ r-zh:u:u’nny Rrodriiegw"	"cah Liieb. fast-ER hab-run Rodrigo than Felipe"	"‘Rodrigo runs faster than Felipe’"	""
"214"	"Rodrigo corre mds rapido que Felipe."	"Rodrigo run.3sg ER fasLn that Felipe"	"‘Rodrigo runs more quickly than Felipe’"	""
"215"	"R -ca:a’z-[ ]-ru’ Liieb na:a’ cah"	"Rrodriiegw. hab-love-MUCH-ER1 Felipe lsg than Rodrigo"	"‘Felipe loves me more than Rodrigo’"	""
"216"	"Felipe me quiere m as a mf que"	"Rodrigo. Felipe lsg.acc love.3sg ER.MUCH p.a. lsg.obl.that Rodrigo"	"‘Felipe loves me more than Rodrigo (does)’"	""
"217"	"R -zh :u :u ’nny-[]-ru’ Rrodriiegw"	"cah Liieb. hab-run-MUCFP-ER Rodrigo than Felipe"	"‘Rodrigo runs more than Felipe’"	""
"218"	"Rodrigo corre mds que Felipe."	"Rodrigo run.3sg ER.MUCH that Felipe"	"‘Rodrigo runs more than Felipe’"	""
"221"	"N se h e ’s-ru’ r-zh:u:u’nny Rrodriiegw"	"cah Liieb. fast-ER hab-run Rodrigo than Felipe"	"‘Rodrigo runs faster than Felipe’"	""
"222"	"Rodrigo corre mds rapido que Felipe."	"Rodrigo run.3sg ER fast.n than Felipe"	"‘Rodrigo runs more quickly than Felipe’"	""
"223"	"Zye:einy-ru’ liebr b-zi:i:i’ Rrodriiegw cah Liieb."	"MUCH.sol/abs-ER3 book perf-buy Rodrigo than Felipe"	"‘Rodrigo bought more books than Felipe’"	""
"224"	"Rodrigo comprri mas libros que Felipe."	"Rodrigo buy.pret.3sg ER.MUCH.rn.pl books that Felipe"	"‘Rodrigo bought more books than Felipe’"	""
"225"	"Zyeseiny liebr b-zi:i:i’ Jwaany."	"MUCH.sol/abs book perf-buy Juan"	"‘Juan bought many books’"	""
"226"	"Zye:einy-daa:a’n liebr b-zi:i:i’ Jwaany."	"MUCH.sol/abs-very book perf-buy Juan"	"‘Juan bought very many books’"	""
"227"	"Zye:einy-ta’ liebr b-zi:i:i’ Jwaany.6"	"MUCH.sol/abs-too book perf-buy Juan"	"‘Juan bought too many books’"	""
"228"	"Zye:einy-ru’ liebr b-zi:i:i’ Jwaany cah Wsee."	"MUCH.sol/abs-ER book perf-buy Juan than Josd"	"‘Juan bought more books than Jose’"	""
"229"	"using zye:einy (i), but this is not a true request for in­"	"(i) Catally zye:einy liebr b-zi:i:i’ Jwaany ? how.very MUCH.sol/abs book perf-buy Juan"	"‘How very many books did Juan (actually) buy ?’"	""
"230"	"I will assume that dya’ / tya’ are variants of MUCH, also contained in As for Spanish,"	"I propose that muchos and muchas are not the equivalent of (i) The word muy, which means"	"‘very’"	""
"233"	"Juan comprd tant-[]-o-s libros 1-a vez pasada."	"Juan buy.pret.3sg so-MUCH-m-pl books the-f time past-f"	"‘Juan bought as many books last time’"	""
"234"	"Juan comprd tant-[]-o-s libros como yo."	"Juan buy.pret.3sg so-MUCH-m-pl books like lsg.nom"	"‘Juan bought as many books as me’"	""
"236"	"Juan compr6 m£s14 libros que Miguel."	"Juan buy.pret.3sg ER.MUCH.rn.pl books that Mike"	"‘Juan bought more books than Mike’"	""
"237"	"Quiero que compres es-a cantidad de libros"	"want.lsg that buy.subj.2sg that-f quantity of books"	"‘I want you to buy that many books’"	""
"239"	"Juan compr6 asf de libros 1-a vez pasad-a."	"Juan buy.pret.3sg thus of books the-f time past-f"	"‘Juan bought that many books last time’"	""
"240"	"Juan compr6 es-a cantidad de libros 1-a vez pasad-a."	"Juan buy.pret.3sg that-f quantity of books the-f time past-f"	"‘Juan bought that many books last time’"	""
"243"	"R -zh :u :u ’nny-[]-ru’ Rrodriiegw"	"cah Liieb. hab-run-?-ER Rodrigo than Felipe"	"‘Rodrigo runs more than Felipe’"	""
"245"	"Rodrigo corre mtis lejos que Felipe."	"Rodrigo run.3sg ER far that Felipe"	"‘Rodrigo runs farther than Felipe’"	""
"246"	"Zye’eht-ru’ r-zh:u:u’nny Rrodriiegw cah Liieb."	"far-ER hab-run Rodrigo than Felipe"	"‘Rodrigo runs farther than Felipe’"	""
"247"	"Rodrigo corre mds millas que Felipe."	"Rodrigo run.3sg ER.MUCH.f.pl miles that Felipe"	"‘Rodrigo runs more miles than Felipe’"	""
"248"	"Zye:einy-ru’ mii r-zh:u:u’nny Rrodriiegw cah Liieb."	"MUCH.sol/abs-ER miles hab-run Rodrigo than Felipe"	"‘Rodrigo runs more miles than Felipe’"	""
"249"	"Rodrigo corre (por) mds tiempo/ Rodrigo run.3sg (for) ER.MUCH.m"	"time/ mds horas que Felipe. ER.MUCH.f hours that Felipe"	"‘Rodrigo runs (for) more time / more hours than Felipe’"	""
"250"	"Zye:einy-ru’ oor / Xchih-ru’ r-zh:u:u’nny Rrodriiegw MUCH.sol/abs-ER hour"	"/ long.while-ER hab-run Rodrigo cah Liieb. than Felipe"	"‘Rodrigo runs (for) more time / longer than Felipe’"	""
"251"	"Seguiied-ru’ r-zh:u:u’nny Rrodriegw cah Liieb."	"often-ER hab-run Rodrigo than Felipe"	"‘Rodrigo runs more often than Felipe’"	""
"252"	"Rodrigo corre {mds seguido I con mds Rodrigo run.3sg ER often. / with"	"ER.MUCH.f frecuencia / mds frecuente-mente) que Felipe, frequency I ER frequent-ly that Felipe"	"‘Rodrigo runs more often / more frequently than Felipe’"	""
"253"	"Rodrigo corre mds [0 ] que Felipe."	"Rodrigo run.3sg ER [ ] that Felipe"	"‘Rodrigo runs more than Felipe’"	""
"256"	"R-a’ihsy-0 -ru’ Felipe cah liru’w."	"hab-sleep-[ ]-ER Felipe than 2sg"	"‘Felipe sleeps more [hours/often] than you’"	""
"258"	"R-cwa:a:a’-0 -ru’ Felipe cah li:u’w."	"hab-write-[ ]-ER Felipe than 2sg"	"‘Felipe writes more [letters/often] than you’"	""
"259"	"Juan es poco inteligente."	"Juan be.3sg NEG.very intelligent"	"‘Juan is not very intelligent’"	""
"262"	"Zyuu:a’ll-daa:a’n Wsee."	"tall-very Jos6"	"‘Jos6 is very tall’"	""
"263"	"Zyuu:a’ll-ta’ Wsee."	"tall-too Jos6"	"‘Jos6 is too tall’"	""
"264"	"Zye:einy-daa:a’n liebr b-zi:i:i’ Wsee."	"many-very book perf-buy Jose"	"‘Jos6 bought very many books’"	""
"265"	"Zi:i’lly-daa:a’n nnyi’ihs gwere’eh Wsee."	"MUCH.liq/gas-very water perf.drink Jos6"	"‘Josi drank very much water’"	""
"266"	"Zye:einy-ta’ liebr b-zi:i:i’ Wsee."	"MUCH.sol/abs-too book perf-buy Josd"	"‘Jos6 bought too many books’"	""
"268"	"Zyuu:a’ll-x:a’t Wsee."	"tall-very Jos6"	"‘Jose is very tall’"	""
"269"	"Zye:einy-x:a’t liebr b-zi:i:i’ Wsee."	"MUCH.sol/abs-very book perf-buy Jose"	"‘Jose bought very many books’"	""
"270"	"Zi:i’lly-x:a’t nnyi’ihs gwe:e’eh Wsee."	"MUCH.liq/gas-very water perf.drink Josd"	"‘Josi drank very much water’"	""
"271"	"A similar Spanish expression,"	"que tan, literally meaning"	"‘what so’"	""
"272"	"iQu6 tan importante es la prueba?"	"what so important be.3sg the.f test"	"‘How important is the test ?’"	""
"273"	"Cata’lly nsinni ’ey Jwaany"	"? how intelligent Juan"	"‘How intelligent is Juan ?’"	""
"276"	"Xi ze’cy-dya’ nnyi’ihs gwe:e’eh Jwaany ?"	"what thus-MUCH water perf. drink Juan"	"‘How much water did Juan drink ?’"	""
"277"	"Te’ihby meetr cuahnn seseenn sentime’tr zyuura’ll Jwaany."	"one meter with sixty centimeter tall Juan"	"‘Juan is lm60cm tali’"	""
"278"	"Cata’lly zye:einy liebr b-zi:i:i’ Jwaany?"	"how MUCH.sol/abs book perf-buy Juan"	"‘How many books did Juan buy ?’"	""
"280"	"Rodriiegw n-aann {xi ze’cy-dya’ / barall} liebr Rodrigo neut-know"	"what thus-MUCH / how.MUCH.pl book b-zi:i:i’ Liieb. perf-buy Felipe"	"‘Rodrigo knows how many books Felipe bought’"	""
"281"	"W-nubdi:i’zh Rrodriiegw na:a’ {xi ze’cy-dya’ / baall} liebr perf-ask Rodrigo"	"lsg what thus-MUCH / how.MUCH.pl book b-zi:i:i’ Liieb. perf-buy Felipe"	"‘Rodrigo asked me how many books Felipe bought’"	""
"282"	"(Te’ihby)-zagreen-tya’ liebr b-zi:i:i’ Jwaany."	"one-this-MUCH book perf-buy Juan"	"‘Juan bought this many books’"	""
"283"	"appears entirely optional in this degree 53 The element te’ihby is probably"	"optional in this sentence, but I did not get the opportunity 203"	"‘tall’"	""
"284"	"(Te’ihby)-ze’cy-dya’ liebr nih b-zi:i:i’ Liieb, b-zi:i:i’ Rodriiegw."	"one-thus-MUCH book rel perf-buy Felipe perf-buy Rodrigo"	"‘Rodrigo bought as many books as Felipe bought’"	""
"285"	"(Te’ihby)-ze’cy-dya’ biien nih gwe:e’eh Wsee, gwere’eh Jwaany."	"one-thus-MUCH wine rel perf.drink Josd perf.drink Juan"	"‘Juan drank as much wine as Josd drank’"	""
"286"	"(Te’ihby)-ze’cy-dya’ nih zyuu:a’ll Lia Paamm, zyuu:a’U Gyeeihlly."	"one-thus-MUCH rel tall miss Pam tall Mike"	"‘Mike is as tall as Pam’"	""
"287"	"(Te’ihby)-ze’cy-dya’ nih nllaag mee’s re:e’, nllaag mee’s re:e."	"one-thus-MUCH rel wide table this wide table that"	"‘That table is as wide as this table’"	""
"288"	"Ze’cy-(eg) nih zyuu:a’ll Lia Paamm, zyuu:a’ll Gyeeihlly."	"thus-emph rel tall miss Pam tall Mike"	"‘Mike is as tall as Pam’"	""
"289"	"Ze’cy-(eg) nih zyuura’ll mee’s re:e\ zyuura’ll mee’s ree."	"thus-emph rel tall table this tall table that"	"‘That table is as wide as this table’"	""
"291"	"Ze’cy-eg nih difere’eenn nih n-a:a Liieb loh Jwaany, thus-emph rel different rel neut-be Felipe"	"face Juan ze’cy-eg difere’eenn n-a:a Gyeeihlly loh Jwaany.54 thus-emph different neut-be Mike face Juan"	"‘Mike is as different from Juan as Felipe is’"	""
"293"	"La:a:a’ Jwaany b-zi:i:i’ te’ihby-ze’cy-dya’ liebr."	"focus Juan perf-buy one-thus-MUCH book"	"‘JUAN bought that many books’"	""
"295"	"Ze’cy-cag-za’ zyuu:a’ll Gyeeihlly."	"thus-emph-also tall Mike"	"‘Mike is also that tall’"	""
"296"	"Ze’cy-eg-za’ zyuura’ll Gyeeihlly."	"thus-emph-also tall Mike"	"‘Mike is also that tall’"	""
"297"	"Ze’cy-cag-za’ zagru:u n-a;a x:-nna:aan-a’."	"thus-emph-also pretty neut-be poss-mother-lsg"	"‘My mom’"	""
"298"	"Ze’cy-dihzy zhyahah cajweell x:te:e’ x:-ca’rr-a’."	"thus-only full trunk poss poss-car-lsg"	"‘The trunk of my car is always this full’"	""
"299"	"Z-a:a’lle'eh ga’uw-u’ ba:all-tyehx: bx:aa:ady def-be.possible irr.eat-2sg"	"how.MUCH.pl-ever chapulin nih r-ca:a’z-u’. rel hab-want-2sg"	"‘You can eat however many chapulines you want’"	""
"300"	"Z-a-a’lle'eh y-co’-o’ baall-tyehx: liebr def-be.possible take.irr.-2sg.SAM"	"how.MUCH.pl-ever book nih rca:a’z-u\ rel hab-want-2sg"	"‘You can take as many books as you want’"	""
"301"	"Z-ara’lle'eh y-nni:i’-ne:e-u:u’ na:a’ ba:all-tyehx gweell def-be.possible irr-say-with-2sg lsg"	"how.MUCH.pl-ever time (nih) r-ca:a’z-u’ nahzhih.55 rel hab-want-2sg today"	"‘You can call me as many times as you want today’"	""
"302"	"Z-a:a’lle'eh gyi’-u’ ze’cy-dya’ nnyi’ihs nih r-ca:a’z-u’."	"def-be.possible irr.drink-2sg thus-MUCH water rel hab-want-2sg"	"‘You can drink as much water as you want’"	""
"303"	"Ceity-tya’ y-zhi’ch-a’ mahs ba:all-tyehx: liebr not-neg.59"	"irr-angry-lsg despite how.MUCH.pl-ever book si:i:-u’ def.buy-2sg"	"‘I won’"	""
"304"	"Mahs ba:all-tyehx: gweell y-nni:i’-ne:e-u:u’ na:a’ cei’ty-tya’ despite"	"how.MUCH.pl-ever time irr-say-with-2sg lsg not-neg y-zhi’ch-a’. irr-angry-lsg"	"‘I won’"	""
"305"	"Ceity-tya’ y-zhi’ch-a’ mahs blaa’c-tyehx: not-neg"	"irr-angry-lsg despite how.MUCH.$-ever y-xi:i’nny-u’. irr-spend-2sg"	"‘I won’"	""
"306"	"Mahs x:a’t-tyehx: cansaad n-u’-u’ pehr n-a:a-beg despite very-ever"	"tired neut-be-2sg but neut-be-emph pahr gyi:e’d-u’. for come.irr.-2sg"	"‘No matter how tired you are, you must come’"	""
"308"	"Estela est£ demasiado cansad-a (como) para trabajar."	"Estela be.3sg too tired-f like for to.work"	"‘Estela is too tired to work.’"	""
"309"	"Es increfble l-[]-a-s pelfculas que vio Estela be.3sg incredible the-MUCH-f-pl"	"movies that see.pret.3sg Estela el mes pasad-o. the.m month past-m"	"‘It’"	""
"310"	"Es increfble lo cansad-a que est£ Estela"	"be.3sg incredible the.n tired-f that be.3sg Estela"	"‘It’"	""
"311"	"Estela vio much-[]-a-s pelfculas el Estela see.pret.3sg"	"very-MUCH-f-pl movies the.m mes pasad-o. month past-m"	"‘Estela saw a lot of movies last month. ’"	""
"312"	"To form comparisons of equality in"	"Spanish, the degree tanto / tan"	"‘so, as’"	""
"313"	"Estela vio tant-[]-a-s pelfculas como yo Estela see.pret.3sg so-MUCH-f-pl"	"movies like lsg.nom el mes pasad-o. the.m month past-m"	"‘Estela saw as many movies as me last month.’"	""
"314"	"212 4 . 2 . 2 3 .4 Questioned degree"	"When quantity is questioned in Spanish, the interrogative form cuanto"	"‘how (much)’"	""
"315"	"plus"	"tanto"	"‘so’"	""
"316"	"[often said in incredulous tone] Adjectival"	"degree is questioned by que tan"	"‘what so’"	""
"320"	"^Cudnto-f ] mide tu prim-o"	"? how-MUCH measure.3sg 2sg.poss cousin-m"	"‘How tall is your cousin (m.) ?’"	""
"321"	"? ^Qu6 tan viej-o es tu prim-o"	"? what so old-m be.3sg 2sg.poss cousin-m"	"‘How old is your cousin (m.) ?’"	""
"323"	"Juan es poco inteligente."	"Juan be.3sg NEG.very intelligent"	"‘Juan is not very intelligent’"	""
"326"	"Du:u’zh-ru’ nnyi’ihs b-e:e:i’ny-enn ua’s loh iihahz re:e’ NEG.MUCH-ER water"	"perf-do-lpl use face year this cah u-duhb-iihahz than perf-one-year"	"‘We used less water this year than last year’"	""
"327"	"Wzhi:i:e-ru’ nza’c liihaz Wsee cah liihaz Jwaany."	"NEG.very-ER pretty house Josd than house Juan"	"‘Jose’"	""
"328"	"Tomds comi6 mds de cinco hamburguesas."	"Tomds eat.pret.3sg ER.MUCH.f.pl of five hamburgers"	"‘Tomds ate more than five hamburgers’"	""
"331"	"Estela toma mds vino que cerveza."	"Estela take.3sg ER.MUCH.m wine that beer"	"‘Estela drinks more wine than beer’"	""
"332"	"Estela vio mds que a mf sol-o - tambien Estelasee.pret.3sg ER.MUCH"	"that p.a lsg.obl alone-m also vio a Enrique. see.pret.3sg p.a Enrique"	"‘Estela saw more than just me - she also saw Enrique’"	""
"333"	"Zye:einy-ru’ bx:aa:ady b-da’uhw"	"Liieb cah Rrodriiegw."	"‘Felipe ate more chapulines than Rodrigo’"	""
"334"	"Zye:einy-ru’ liebr b-zi:i:i’ Rrodriiegw"	"cah nih b-to:o’ Lieeb."	"‘Rodrigo bought more books than Felipe sold’"	""
"335"	"Zyuu:a’lly-ru’ Rrodriiegw loh Liieb."	"tall-ER Rodrigo face Felipe"	"‘Rodrigo is taller than Felipe’"	""
"338"	"Juan bes6 a Marfa antes que ella a el."	"Juan kiss.pret.3sg p.a Marfa before that 3sg.f.nom p.a 3sg.m.obl"	"‘Juan kissed Marfa before she him’"	""
"339"	"Juan bes6 a Maria despuds que ella a el."	"Juan kiss.pret.3sg p.a Maria after that 3sg.f.nom p.a 3sg.m.obl"	"‘Juan kissed Marfa after she him’"	""
"340"	"Juan perdid su cartera despues que Marfa 1-a suy-a"	"Juan lost 3poss wallet after that Maria the-f 3poss-f"	"‘Juan lost his wallet after Marfa hers’"	""
"341"	"Juan apagd su cigarro envezde Maria Juan putout.pret.3sg 3poss"	"cigarette in time of Maria el suy-o. the.m 3poss-m"	"‘Juan put out his cigarette instead of Maria hers’"	""
"342"	"Juan vio a Pedro, y a Susana tambien."	"Juan see.pret.3sg p.a Pedro and p.a Susana also"	"‘Juan saw Pedro, and Susana, too’"	""
"343"	"t see Susana’ Juan vio a Pedro, pero a Susana no / pero no"	"a Susana. Juan see.pret.3sg p.a Pedro but p.a Susana not but not p.a Susana"	"‘Juan saw Pedro, not Susana’"	""
"344"	"Juan no vio a Pedro, ni vio a Susana tampoco.—>"	"Juan not see.pret.3sg p.a Pedro nor see.pret.3sg p.a Susana either"	"‘Juan didn’"	""
"345"	"O Juan vio a Pedro, o Susana lo vio.—>"	"or Juan see.pret.3sg p.a Pedro or Susana 3sg.m.acc see.pret.3sg"	"‘Either Juan saw Pedro, or Susana saw him’"	""
"346"	"Juan se fue antes que Marfa."	"Juan refl go.pret.3sg before that Marfa"	"‘Juan left before Maria’"	""
"347"	"Juan se fue despuds de34 Maria."	"Juan refl go.pret.3sg after of Maria"	"‘Juan left after Maria’"	""
"348"	"Juan comid mds de cinco hamburguesas."	"Juan eat.pret.3sg ER.MUCH.f.pl of five hamburgers"	"‘Juan ate more than five hamburgers’"	""
"350"	"Juan comid mds hamburguesas de 1-o-s que Juan eat.pret.3sg ER.MUCH.f.pl hamburgers of"	"the-m-pl that dijo que iba a comer. say.pret.3sg that go.imp.3sg to eatinf"	"‘Juan ate more hamburgers than he said he was going to eat’"	""
"351"	"Jos6 compr6 mds libros de lo que piensas."	"Jos6 buy.pret.3g ER.MUCH.rn.pl books of the that think.2sg"	"‘Jos6 bought more books than you think’"	""
"354"	"Heriberto compr6 mds libros de Heriberto buy.3sg.pret ER.MUCH.rn.pl books"	"of l-[ ]-o-Sj que vendid tj. the-MUCH-m-pl that sell.pret3sg"	"‘Heriberto bought more books than he sold’"	""
"355"	"Tomds consigui6 mds plumas para el Tomds get.pret.3sg ER.MUCH.f.pl pens for 3sg.obl mism-o de"	"l-[ ]-a-sj que pidi6 tj self-m of the-MUCH-f-pl that ask.for.pret.3sg para nosotros. for lpl.obl"	"‘Tomds got more pens for himself than he requested for us’"	""
"358"	"Daniel es el nin-o que conociste ayer."	"Daniel be.3sg the.m child-m that met.pret.2sg yesterday"	"‘Daniel is the child that you met yesterday’"	""
"359"	"No me puedo creer lo [] que Daniel not"	"refl be.able.lsg believe.inf the.n MUCH42 that Daniel nadd. swim.pret.3sg"	"‘I can’"	""
"361"	"No me puedo creer lo guap-o-s que son not refl be.able.lsg"	"believe.inf the-n handsome-m-pl that be.3pl 1-o-s hermanos Gdmez. the-m-pl brothers Gdmez"	"‘I can’"	""
"366"	"Pedro es mds nin-o de lo [] que era Pedro be.3sg ER child-m"	"of the-n childish that be.imp.lsg yo a su edad. lsg.nom to his age"	"‘Pedro is more childish than I was at his age’"	""
"368"	"‘Josefina drank more milk"	"than she gave me’"	NA	""
"370"	"Tomds consigui6 mds plumas para el Tomds get.pret.3sg ER.MUCH.f.pl pens for 3sg.obl mism-o de"	"l-[ ]-a-sj que pidid tj self-m of the-MUCH-f-pl that ask.for.pret.3sg para nosotros. for lpl.obl"	"‘Tomds got more pens for himself than he requested for us’"	""
"372"	"Poncho quiere mds a su hermana de lo [)j Poncho love.3sg ER.MUCH p.a his"	"sister of the.n MUCH que odia tj a su cunado. thathate.3sg p.a 3poss brother.in.law"	"‘Poncho loves his sister more than he hates his brother-in-law’"	""
"373"	"No me puedo creer el dinero que not refl"	"be.able.lsg believe.inf the.MUCH.m money that perdid Miguel. lose.pret.3sg Mike"	"‘I can’"	""
"376"	"No me puedo creer l-[]-a-s plumas que Tomds not"	"refl be.able.lsg believe.inf the.MUCH.f.pl pens that Tomds consigui6. get.pret.3sg"	"‘I can’"	""
"377"	"Daniel puede nadar mds de [j)egp lo tcp [DegP [QP MUCH]"	"j 0 tj ] j que Jesus puede nadar tj ]]"	"‘Daniel can swim more than Jesus can swim’"	""
"380"	"m afraid of what could happen’ I have two types of objections to this proposal. One involves the choice of First of all, the string que lo que usually"	"occurs instead of de lo que when 48 Here, [e] represents the null complement of piensas. 49 This was suggested to me by Dominique Sportiche (p.c.). 50 The abbreviation"	"‘cond’"	""
"381"	"Tod-o lo que sucede aquf fuera de nuestr-a casa all-m the.n that happen.3sg here outside of our-f house me asusta"	"mds que lo que se lsg.dat scare.3sg ER.MUCH that the.n that refl ve en 1-a televisidn. see.3sg in the-f television"	"‘Everything that happens here outside of our house scares me more what one sees on TV’"	""
"382"	"Tod-o lo que sucede aquf fuera de nuestr-a casa all-m the.n that happen.3sg here outside of our-f house me asusta"	"mds que aquello que se lsg.dat scare.3sg ER.MUCH that thatn that refl ve en 1-a televisidn. see.3sg in the-f television"	"‘Everything that happens here outside of our house scares me more what one sees on TV’"	""
"383"	"Este libro es mds interesante que el que me this.m"	"book be.3sg ER interesting that the.m that lsg.dat recomendaste. recommend.pret.2sg"	"‘This book is more interesting than the one that you recommended to me’"	""
"384"	"/"	""	"‘that many’"	""
"385"	"Est-a-s revistas son mds interesante-s que est-o-s libros."	"this-f-pl magazines be.3pl ER interesting-pl that this-m-pl books"	"‘These magazines are more interesting than these books’"	""
"386"	"Miguel perdid mds dinero de lo que Miguel lose.pret.3sg ER.MUCH.m money"	"of the.n that encontrd [] de oro find.pret.3sg MUCH of gold"	"‘Miguel lost more money than he found gold’"	""
"388"	"Heriberto comprd mds libros de lo Heriberto buy.3sg.pret ER.MUCH.rn.pl books of the.n"	"272 que vendid [ ] de revistas that sell.pret.3sg MUCH of magazines"	"‘Heriberto bought more books than he sold magazines’"	""
"389"	"Tomds consigui6 mds plumas para el Tomds get.pret.3sg ER.MUCH.f.pl pens for 3sg.obl mism-o de lo que"	"pidi6 [] self-m of them that ask.for.pret.3sg MUCH de ldpices para nosotros. of pencils for lpl.obl"	"‘Tomds got more pens for himself than he requested pencils for us’"	""
"390"	"Poncho es mds guapo de lo que es inteligente."	"Poncho be.3sg ER handsome of the.n that be.3sg intelligent"	"‘Poncho is more handsome than he is intelligent’"	""
"393"	"Puedes comer cuanto quieras."	"be.able.2sg eat.inf how.MUCH want.subj.2sg"	"‘You can eat however much you want’"	""
"394"	"Jose comprd mds libros de cuanto piensas"	"[e]. Josdbuy.pret.3sg ER.MUCH.rn.pl books of how.n think.2sg"	"‘Jose bought more books than you think’"	""
"395"	"Miguel perdid mds dinero de cuant-[ ]-oj Miguel"	"lose.pret.3sg ER.MUCH.m money of how-MUCH-m find.pret.3sg encontr6 tj."	"‘Miguel lost more money than he found’"	""
"396"	"Josefina tom6 mds leche de cuant-[]-aj Josefina take.pret.3sg ER.MUCH.f milk of"	"how-MUCH-f me regal 6 a mi tj. lsg.dat give.pret.3sg to lsg.obl"	"‘Josefina drank more milk than she gave me’"	""
"397"	"Heriberto compr6 mds libros de Heriberto buy.3sg.pret ER.MUCH.rn.pl"	"books of cuant-[ ]-o-sj vendi6 tj. how-MUCH-m-pl sell.pret.3sg"	"‘Heriberto bought more books than he sold’"	""
"399"	"Jos6 comprd mds [de tres] libros."	"Jos6 buy.pret.3sg ER.MUCH.rn.pl of three books"	"‘Jose bought more than three books’"	""
"401"	"Pedro estd cansad-o de est-a clase."	"Pedro be.3sg tired-m of this-f class"	"‘Pedro is tired of this class’"	""
"402"	"Similarly, a complex preposition"	"such as lejos de"	"‘far from’"	""
"404"	"Juan comprd mds libros de I-[]-o-s Juan buy.pret.3sg"	"ER.MUCH.rn.pl books of the-MUCH-m-pl que vendid. that sell.pret.3sg"	"‘Juan bought more books than he sold’"	""
"405"	"Juan comprd mds de cinco libros."	"Juan buy.pret.3sg ER.MUCH.rn.pl of five books"	"‘Juan bought more than five books’"	""
"406"	"Juan comprd mds libros que yo."	"Juan buy.pret.3sg ER.MUCH.rn.pl books that lsg.nom"	"‘Juan bought more books than I did’"	""
"407"	") does to the clause preceding"	"it (213) in correlative conjunction ("	"‘both... and...’"	""
"408"	"Juan comprd mds libros que Marfa discos."	"Juan buy.pret.3sg ER.MUCH.rn.pl books that Marfa records"	"‘Juan bought more books than Marfa did records’"	""
"409"	"Ni comprd Juan libros, ni comprd Marfa discos,"	"nor buy.pret.3sg Juan books nor buy.pret.3sg Marfa records"	"‘Neither Juan bought books, nor did Maria buy records’"	""
"411"	"Dominique Sportiche suggests (p.c.) that if coordination involves any de­ 65 This"	"sentence is grammatical but only under irrelevant readings in which ni means"	"‘not 288 I adopt Sdez’"	""
"413"	"Josd piensa que yo soy mds alt-o de lo Josd think.3sg that lsg.nom"	"be.lsg ER tall-m of the.n que soy de verdad. that be.lsg of truth"	"‘Jos6 thinks that I am taller than I really am’"	""
"414"	"Juan no comid, ni comid Marfa"	"Juan not eat.pret.3sg nor eat.pret.3sg Marfa"	"‘Juan didn’"	""
"415"	"Felipe lav6 mds coches que camionetas Felipe wash.pret.3sg"	"MUCH.m.pl.ER cars that pick.up.trucks lav<5 Rodrigo. wash.pret.3sg Rodrigo"	"‘Felipe washed more cars than Rodrigo washed pick-up trucks’"	""
"416"	"Felipe lav6 mds coches que Rodrigo Felipe wash.pret.3sg"	"MUCH.m.pI.ER cars that Rodrigo lav6 camionetas. wash.pret.3sg pick-up.trucks"	"‘Felipe washed more cars than Rodrigo washed pick-up trucks’"	""
"417"	"Juan compr6 mds manzanas de l-[]-a-s Juan buy.pret.3sg ER.MUCH.f.pl"	"apples of the-MUCH-f-pl que tu vendiste. that 2sg.nom sell.pret.2sg"	"‘Juan bought more apples than you sold’"	""
"418"	"Juan comid mds manzanas que tu peras.76"	"Juan eat.pret.3sg ER.MUCH.f.pl apples that 2sg.nom pears"	"‘Juan ate more apples than you, pears’"	""
"419"	"Juan comid mds manzanas que tti"	"Juan eat.pret.3sg ER.MUCH.f.pl apples that 2sg.nom"	"‘Juan ate more apples than you’"	""
"420"	"Juan comid mds manzanas que tu."	"Juan eat.pret.3sg ER.MUCH.f.pl apples that 2sg.nom"	"‘Juan ate more apples than you’"	""
"422"	"Estuve con mds amigos en Roma que en Pans."	"be.pret.lsg with ER.MUCH.rn.pl friends in Rome that in Paris"	"‘I was with more friends in Rome than in Paris’"	""
"423"	"Mds chicos vieron films de Chaplin que de Keaton."	"ER.MUCH.rn.pl guys see.pret.3pl films of Chaplin that of Keaton"	"‘More guys saw films of Chaplin’"	""
"424"	"Josd comprd mds libros que Fernando."	"Josd buy.pret.3sg ER.MUCH.rn.pl books that Fernando"	"‘Jose bought more books than Fernando’"	""
"425"	"Josd compn5 mds libros de l-[ ]-o-s que Jose"	"buy.pret.3sg ER.MUCH.rn.plbooks of the-MUCH-m-pl that compr6 Fernando. buy.pret.3sg Fernando"	"‘Jose bought more books than Fernando bought’"	""
"426"	"Apeqsek tata’hkesew, nenah teh kan."	"more he-is-strong I and not"	"‘He is stronger than me’"	""
"427"	"Luu caa nuu yaha, nasuu nuu ndijnu"	"good very people this, not people Tlaxiaco"	"‘This people is better than the Tlaxiaco people’"	""
"428"	"Ina na namo herea, una na dia namo"	"this is good more that is not good"	"‘This is better than that’"	""
"429"	"Nato aibo hakun, wuitsa kiskaribi"	"this woman beautiful others not-be-so"	"‘This woman is more beautiful than others’"	""
"431"	"Gonzalo pasa mds tiempo en 1-a biblioteca que Gonzalo pass.3sg ER.MUCH.m time"	"in the-f library that Fernando en el gimnasio. Fernando in the.m gym"	"‘Gonzalo spends more time in the library than Fernando (does) in the gym’"	""
"432"	"Gonzalo pasa 1-o-s sdbados en 1-a biblioteca, y Femandoj Gonzalo spend3sg the-m-pl Saturdays in the-f library"	"and Fernando [en el gimnasio]j, tj pass I=o-s g&toados tj. in the.m gym pass.3sg the-m-pl Saturdays"	"‘Gonzalo spends Saturdays in the library, and Fernando in the gym’"	""
"433"	"Pedro tiene mds dinero que Fernando."	"Pedro have.3sg ER.MUCH.m money that Fernando"	"‘Pedro has more money than Fernando’"	""
"436"	"Pedro no tiene much-[]-o dinero v Fernando tampoco."	"Pedro not have.3sg very-MUCH-m money and Fernando either"	"‘Pedro doesn’"	""
"437"	"Pedro tiene much-[]-o dinero pero Fernando no."	"Pedro have.3sg very-MUCH-m money but Fernando not"	"‘Pedro has a lot of money, but not Fernando’"	""
"438"	"Pedro no tiene much-[]-o dinero pero Fernando sf-"	"Pedro not have.3sg very-MUCH-m money but Fernando yes"	"‘Pedro doesn’"	""
"440"	"Pedro tiene tan poco dinero como Fernando."	"Pedro have.3sg so NEG.MUCH.m money like Fernando"	"‘Pedro has as little money as Fernando’"	""
"442"	"Pedro tiene menos dinero que Fernando."	"Pedro have.3sg ER.NEG.MUCH.m money that Fernando"	"‘Pedro has less money than Fernando’"	""
"443"	"Pedro tiene mds dinero que no Fernando."	"Pedro have.3sg ER.MUCH.m money that no Fernando"	"‘Pedro has more money than Fernando’"	""
"444"	"Pedro tiene menos dinero que no Fernando."	"Pedro have.3sg ER.NEG.MUCH.m money that no Fernando"	"‘Pedro has less money than Fernando’"	""
"445"	"Maaz-ta’ ga:a’y liebr b-zi:i:i’ Jwaany."	"MAAZ-than five book perf-buy Juan"	"‘Juan bought more than five books’"	""
"446"	"Maaz-ta’ te’ihby mii b-zh:u:u’nny Jwaany."	"MAAZ-than one mile perf-run Juan"	"‘Juan ran more than one mile’"	""
"447"	"Zye:einy-ru’ liebr b-zi:i:i’ Jwaany cah nih b-to:o’ Liieb"	"MUCH.sol/abs-ER book perf-buy Juan than rel perf-sell Felipe"	"‘Juan bought more books than Felipe sold’"	""
"448"	"Zye:einy-ru’ liebr b-zi:i:i’"	"Jwaany cah Gyeeihlly."	"‘Juan bought more books than Mike’"	""
"449"	"Zyuu:a’ll-ru’ Jwaany {cah / loh} Gyeeihlly."	"tall-ER Juan than / face Mike"	"‘Juan is taller than Mike’"	""
"450"	"Juan tiene miedo de serpientes."	"Juan have.3sg fear of snakes"	"‘Juan is afraid of snakes’"	""
"451"	"Juan estd enamorad-o de Lucfa"	"Juan be.3sg in.love-m of Lucia"	"‘Juan is in live with Lucia’"	""
"452"	"B-cwa:a:a’ Jwaany pelo’t loh Rrodriiegw."	"perf-throw Juan ball face Rodrigo"	"‘Juan threw the ball to Rodrigo’"	""
"455"	"Zyuu:a’ll-ru’ Jwaany loh Gveeihllv."	"tall-ER Juan face Mike"	"‘Juan is taller than Mike’"	""
"458"	"Rodolfo pasa menos tiempo con su mamd que Rodolfo spend.3sg ER.NEG.MUCH time"	"with 3poss mom that Trinidad con su-s hermanos. Trinidad with 3poss-pl brothers"	"‘Rodolfo spends less time with his mom than Trinidad (does) with his brothers’"	""
"459"	"Zyuu:a’ll Gyeeihlly."	"tall Mike"	"‘Mike is tali’"	""
"460"	"(IV-170) Cata’lly nsinni’cy Jwaany"	"? how intelligent Juan"	"‘How intelligent is Juan ?’"	""
"461"	"Zyuu:a’ll-ta’ Wsee."	"tall-too Jose"	"‘Jose is too tall’"	""
"462"	"Zye:einy-ta’ liebr b-zi:i:i’ Wsee."	"MUCH.sol/abs-too book perf-buy Jose"	"‘Josd bought too many books’"	""
"463"	"Zi:i’lly-ta’ nnyi’ihs gwe:e’eh Wsee."	"MUCKliq/gas-too water perf.drink Jos6"	"‘Josd drank too much water’"	""
